,Artist
Bayonne,10.630110661375658
Matt Vasquez,8.458646644736843
Marcus Marr,15.536315582010582
John Digweed,78.08340747116236
Patrick Watson,24.144869336016093
Rudimental,61.3275615079365
Black Coffee,78.08340747116236
Anders Osborne,4.365079384920636
Polly A.,2.9239766151489888
Lush,85.18189905944986
Silversun Pickups,346.9861139751759
Briana Marela,12.265512301587298
Alex G,16.898739537813864
Totem,7.01754387635756
Titus Andronicus,33.52573362433862
The Vandals,72.75953877994675
Jonny Lang,36.375661541005286
Four Tet,60.50986068783068
Boz Scaggs,31.283068925264548
Lana Del Rey,230.22431275090662
Joey Bada$$,109.97284324639473
Marian Hill,182.47496635638652
Half Moon Run,98.25727300552781
Torres,10.389610447330446
Saint Motel,194.5357961266358
Rae Sremmurd,109.98834356577412
Jamie xx,100.16835054954304
Seven Lions,60.81871359509885
King Gizzard & The Lizard Wizard,42.75989731021394
Waxahatchee,8.321775335182613
Rayland Baxter,11.650485469255667
Haute,1.554907682215745
Hinds,1.8018018082368046
Goldroom,73.942620711328
Panama Wedding,26.315789536340855
Death Cab for Cutie,239.36971553200348
Red Wanting Blue,6.64451838316722
Sunflower Bean,11.111111137566143
Wolf Alice,252.30711703238586
The Dip,2.453102460317458
The Sword,44.17293247807017
Murder By Death,29.13533844298246
Dua Lipa,55.71360849821626
Digable Planets,76.08197181124646
Underworld,137.63479579208533
Girl Band,12.846068820598006
Conner Youngblood,12.010470249169437
Rick Springfield,21.38364795148248
Tor Miller,18.778005666881853
Walk The Moon,210.3322472944867
Lydia,3.3222591915836097
Bicep,12.324930074696546
Aurora,71.33818179554076
David Ramirez,13.157894780701755
Caverns,7.335907355212351
White Denim,19.129592538751027
Porches,12.403100930232558
Capital Cities,23.899371239892186
Roisin Murphy,22.522522602960102
Asteroid #4,5.6935818374741185
Frances,134.0826828907363
Foals,501.95627339180004
Slumberjack,33.9181287357282
Cassy,96.13025572655292
Boombox Cartel,33.333333412698416
Guster,62.76276292792792
AC Slater,101.33356189647688
New Order,56.75675695945946
No Traffik,3.144654110512129
Dragonette,41.2050535787172
Dreamers,5.847953230297966
Eagles of Death Metal,67.908407663287
Noe,0.0
Rogue Wave,16.11219836594912
JDH & Dave P,25.604996256830603
Salt N Pepa,20.12578630727763
Watch The Duck,13.83647808625337
Dead & Company,84.04993088534444
Flying Lotus,21.739130652173916
Ultimate Painting,5.175983488612835
Kaneholler,19.562419613899614
Boogarins,8.79917193064182
Bro Safari,84.93265152798281
White Lung,54.6127666384411
Porter Robinson,73.35907355212355
Prinze George,26.85402046448087
Julio Iglesias,43.65079384920635
AMFMs,0.815100817245819
Kings of Leon,88.84598907979408
Red Hot Chili Peppers,224.44184510608648
Arturo Sandoval,2.182539692460315
G. Love & Special Sauce,9.63455165559247
Promised Land Sound,1.5527950465838496
DJ Khaled,33.09914150273224
Goldlink,145.93583198897937
The Greeting Committee,0.5847953230298022
CeCe Winans,10.18518523148148
Oneohtrix Point Never,24.350205467721967
Blink-182,84.77048499356498
Jeremy Loops,52.11567266980538
Oscar,20.599368573729006
Shad,14.755197927565394
Hayden James,68.48878971388682
Alle Farben,22.807017598162076
Lucy Dacus,7.6023391993873615
Fireside Prophets,5.660377398921832
Ryan Adams,63.850837568764945
Robert DeLong,157.31074233079352
Piff The Magic Dragon,49.930652011095695
Sylvan Esso,5.820105965608466
G-Eazy,210.60702917563106
The Killers,100.46955515348965
Firekid,9.356725168476746
Hudson Mohawke,81.63265326530612
Big Gigantic,88.16485695140629
Fauna Shade,1.6354016402116416
Justin Martin,76.3087845740905
Jess Glynne,28.82882893178893
Netsky,31.22560519125683
The Isley Brothers,26.91798954034391
Shabazz Palaces,11.904762023809523
Elvis Costello,42.195767387566136
Keys N Krates,95.88016208032688
Judah & The Lion,63.43858240212903
Dubfire,68.02721105442177
Transviolet,21.19262124839125
Schoolboy Q,34.34816571038251
Brandi Carlile,72.24034255417844
Coleman Hell,134.52614321762994
The Joy Formidable,72.53668788459618
Dr. Teeth and the Electric Mayhem,0.0
Alabama Shakes,209.60971509055986
ANOHNI,24.649860149393092
Pinegrove,13.45029242968533
The 1975,382.9479667804139
The Dead Ships,61.5202604318249
The Heavy,70.39337491718425
AlunaGeorge,251.03871264208948
Ernest Ranglin,26.12612621943372
Cal Scruby,6.312292464008859
Speaker of the House,3.9138943411611242
Adam Devine,66.57420268146093
Courtney Barnett,155.61941882176376
Zedd,148.84062067409332
Iamdynamite,17.11711716216216
Lord Huron,276.495685328789
Gold Panda,10.64425779178338
Kendrick Lamar,65.48193094472761
Sam Hunt,63.24549254738789
Jarryd James,36.369240344942725
DMA's,66.8441291230405
Ludacris,76.61947682110682
Martin Garrix,87.71929845446951
Wild Child,27.31829584029518
Smino,14.03508775271512
The Shelters,12.35628886095266
Tame Impala,190.4803071977415
Animal Collective,22.77432734989648
Israel Nash,5.953437329720708
Fidlar,124.11768098495114
Kehlani,102.57607519926147
Tears For Fears,12.956810847176081
Stars,29.51039585513079
Viet Cong,8.963585508870214
Leggy,0.0
Kermit Ruffins,12.3677249239418
Mail The Horse,2.445302451737447
Kevin Morby,26.895129096391027
Race Banyon,5.263157907268176
Jack Ü,92.87193161342796
Santigold,20.7207207947233
Beach House,186.97575270557036
Local Natives,80.11695925508215
Casaveda,6.9182390431266825
Sam James,9.781209806949807
Holy White Hounds,1.9933555149501665
Mutemath,70.76023408660541
PRAYERS,71.5764568485655
Arlo Guthrie,32.73809538690476
Busty And The Bass,3.887269205539354
Richard Hawley,19.81981989060489
Beach Fossils,7.489597801664352
Rhye,82.81573519668737
Catfish and the Bottlemen,86.96813725585974
Caribou,87.6727946095008
Tennyson,25.20481530695851
Adia Victoria,2.8195488815789482
Oneman,14.174972491694351
Fitz & The Tantrums,97.07227479687235
Broken Social Scene,51.885337111540764
Andra Day,78.04349574536396
Steve Aoki,29.559748638814018
The Strokes,41.55844178932178
Jidenna,20.352250567514673
Alessia Cara,170.7508516199542
Con Brio,35.45297620760073
Haitus Kaiyote,66.02731335200247
Jenny Hval,14.6179403820598
Chris Botti,26.19047630952381
Coin,57.10673095441306
Flatbush Zombies,75.7892000839074
Protoje,81.51354570503288
Odesza,3.933747608695652
Madness,31.53153164414415
Diiv,33.50984248481127
Party Favor,29.824561474519633
Die Antwoord,87.13450313143971
Julia Holter,59.46231948895838
Sia,135.4560933226662
Chairlift,101.30732261321472
Sara Watkins,9.986130402219136
The Hip Abudction,5.6390977631578965
Fetty Wap,113.21615193393981
Muse ,65.7657660006435
Jlin & RP Boo,12.403100930232558
Quraishi,6.728778535196688
Rancid,91.0973087163561
Lanco,1.1695906460595933
The Lumineers,90.32122530540015
Flux Capacitor,0.0
Baroness,85.63137668929267
Thundercat,26.749220025672
Sasha,74.53416167701863
Roman Gianarthur,2.496532600554784
Ought,17.857142916666664
Allie X,2.6827632595573454
Jeff Lynne's ELO,61.26126148005148
Melody's Echo Chamber,79.26648940254363
Empress Of,14.6179403820598
St. Paul & The Broken Bones,55.451128004385964
Major and The Monbacks,4.8906049034749035
Hundred Waters,5.825242734627829
Slightly Stoopid,27.67295617250674
Dirty Dozen Brass Band,1.4550264616402122
The Brian Jonestown Massacre,19.668737256728775
Blood Orange,128.07144869107933
Houndmouth,146.84248541805903
Nicolas Jaar,20.18633560559006
Lindsey Stirling,114.87105015340148
Bakery,0.0
The Griswolds,17.221135101108935
Train,30.817610283018865
Unknown Mortal Orchestra,209.57127706171372
De La Soul,22.727272853535354
Cheat Codes,26.083226151866153
Vince Staples,518.222727840541
RL Grime,138.55152903465395
Gerd Janson,2.8011204715219415
Edward Sharpe and the Magnetic Zeros,89.32268581928423
Bonnie Raitt,39.28571446428571
Grouplove,81.84613223312599
Givers,30.68417163325924
Father John Misty,124.14180203528306
Marc Scibilia,26.898326969111963
Jason Isbell,166.1549477231015
Pearl Jam,135.8080345762701
The Black Angels,68.02331952190258
Wild Nothing,46.5391421865325
Classixx,94.74805035916316
Shellac,19.047619206349207
Methyl Ethyl,0.8480104403131149
Snoop Dogg,48.743386464947086
Mercury Rev,35.13513526061776
Sleep,20.703933954451344
Vanic,120.91576967105524
Mindie Lind,3.270803280423283
John Moreland,21.636615871474802
Lionel Richie,59.360730821917805
Joywave,72.16799781425613
Oliver Heldens,66.08187150236702
Burns,19.298245659983294
Lukas Graham,18.23899384097035
Two Door Cinema Club,277.13036799391995
Devon Baldwin,11.320754797843666
The Roots,25.157232884097034
Natalia Lafourcade,18.65622968688845
Jazz Cartier,65.56015909029944
Aaron Neville,28.373016001984126
Delicate Steve,6.211180186335405
The Staves,58.68725884169884
Jack Garratt,170.22132293670848
John Grant,32.432432548262554
Lisa Hannigan and Aaron Dessner,0.621118043478261
Diarrhea Planet,4.318936949058693
Joseph,17.98941804232804
Gibbz,25.268125334620336
Allen Stone,97.82755927544049
D.R.A.M.,46.42687812331127
Son Little,80.26485155157037
The Barr Brothers,51.31195351311953
The Hotelier,11.960133039867108
Allah-Las,14.492753768115943
The Japanese House,0.9398496271929854
Summer Cannibals,11.447811481481482
Earth Wind & Fire,130.84513124195624
Bot,11.411411441441444
Museum of Love,30.215365030307204
Tacocat,19.62481968253968
Telekinesis,32.70803280423281
Band of Horses,100.53354355555972
Lauryn Hill,30.55555569444444
Lemaitre,70.39337491718425
Hippie Sabotage,57.19339709516757
Meg Myers,69.21029298580301
Floating Points,56.24952709200797
Dead Man String Band,1.6611295957918049
Dilly Dally,18.8258805279637
Liz Vice,2.3809524404761904
The Claypool Lennon Delirium,101.3742965478882
Kaytranada,84.86992022769998
Lewis Del Mar,48.50940148644061
Bass Drum of Death,8.61056755055447
Goldfinger,19.4968554851752
Andrew McMahon in the Wilderness,4.232804338624338
Brian Wilson,41.45360920374115
Halsey,306.90072708478533
Kelela,12.885154169000932
Alina Baraz,93.15460393065997
Cypress Hill,59.08649192419824
Ben Harper & The Innocent Criminals,7.9365081349206354
Martin Courtney,13.732004601328901
Corbin,10.08403369747899
Junior Boys,16.806722829131655
Elvin Bishop,11.640211693121692
Jauz,111.5814653985611
Connell Cruise,14.67181471042471
Strangers You Know,73.04377118683298
Autolux,123.67887250674994
Chance The Rapper,51.7286368590998
Papadosio,12.48266300277393
Nothing,27.543606607522598
Whitney,15.870993372320575
Ria Mae,8.176100687331534
The Damned,81.63265326530612
Ra Ra Riot,23.74429232876712
RUFUS DU SOL,260.85033308140095
Cyndi Lauper,7.2072072329472325
Tedeschi Trucks Band,33.46560861772486
JJ Grey & Mofro,40.41353396929824
Ruler,0.8177008201058164
Mad Anthony,0.6644518383167216
Imarhan,8.281573581780536
Young Thug,21.848739677871148
Young Empires,8.04828977867203
Tangerine,0.0
Bob Moses,139.63541491244186
Arlo McKinley & The Lonesome Sound,1.3289036766334448
Major Lazer,481.77462302974095
Christine and the Queens,101.23416990512935
HAELOS,99.78924944588461
Lapsley,153.1433779699946
Ex Hex,99.67950152069665
Boom Forest,0.0
Snakehips,189.44582176950487
Sir The Baptist,25.953773389028136
The Floozies,34.951456407767
Purson,7.763975232919255
Saba,16.374269044834307
The Arcs,258.8961183786673
Diet Cig,9.398496271929822
Hi-Lo,17.10398450437318
The Head and The Heart,62.03007539473685
Disclosure,488.1890255030866
Leon Bridges,335.5259919901191
Bas Cozz Omen,36.257310027847396
Marco Carola,79.26648940254363
Galactic,21.097883693783068
BJ The Chicago Kid,15.503876162790696
Denzel Curry,7.282913225957048
Yellow Claw,73.09941537872459
Andy Stott,5.602240943043883
Art Garfunkel,39.63963978120978
Matthew Dear,67.43567008873114
M83,610.4931801086963
Eliot Sumner,1.2987013059163046
Lolawolf,41.58778834149829
Claptone,80.44957133392487
Lee Scratch Perry,18.11594221014493
The Julie Ruin,29.976580983606556
Yeasayer,131.49287395015315
Speedy Ortiz,30.97643113756613
Macklemore & Ryan Lewis,80.72122075127139
Rhiannon Giddens,21.825396924603172
Grand Theft,40.35087728905597
Atlas Genius,138.81502825921012
La Luz,33.03009406257189
Barns Courtney,6.578947390350874
Børns,163.32555652487306
Super Furry Animals,34.874091585536135
Meg Mac,14.054438781355627
Declan McKenna,4.240052201565561
Mike Mineo,3.773584932614554
The Knocks,42.24118541713037
Marshmello,50.292397780562524
Mac Demarco,112.55186085152053
Parquet Courts,51.05154215811268
Shovels & Rope,18.867924663072774
Matt Corby,48.24434838624339
Pete Yorn,82.22419423099673
Flume,305.74107277790705
Hibou,14.718614761904757
Cloves,95.34864156127007
Wet,114.24395430827109
Deadmau5,87.21578744530244
Laura Stevenson,16.302016344916346
Zella Day,68.61875202011238
Zeds Dead,61.58113748035137
Battles,1.242236086956522
The Decemberists,63.9097746491228
Ivan Neville's Dumpstaphunk,19.642857232142855
A Tribe Called Red,28.169014225352107
The Murlocs,4.658385139751552
The Underachievers,33.43051516763848
Maze,15.27777784722222
City and Colour,78.92194286343879
Hardwell,88.30409377749929
Tei Shi,69.80183395149363
Gov't Mule,34.92063507936508
Misterwives,88.57389916548513
Jahkoy,33.73205960216816
Annie Mac,50.450450630630634
Hollis Brown,13.041613075933071
Slowdive,73.85311142611964
Van Morrison,45.83333354166666
Somo,35.0877193817878
My Morning Jacket,110.28961333820664
La Mecanica Popular,3.6231884420289857
Mr. Carmack,110.75099784890106
The Internet,81.34325245261212
Skate Maloley,8.771929845446955
Lucius,98.01510370282689
Michael McDonald,29.828042463624335
Jesse Royal,10.69182397574124
Kamasi Washington,168.2601279733603
Bad Royale,32.748538089668614
Honeysuckle,0.0
LCD Soundsystem,509.10931195647703
Nina Kraviz,79.85803036823424
ZHU,161.78334073369237
Miguel,172.59475377505535
Muna,38.01169599693679
The Neighbourhood,127.14010656500422
Melanie Martinez,125.10284900634802
River Tiber,1.3413816297786703
Nicole Moudaber & Skin,76.90032553978112
Drew Holcomb and The Neighbors,44.53350376660991
3LAU,38.35616454337899
Automagik,0.3322259191583616
Lenny Kravitz,52.44618417155903
LUH,15.503876162790696
Nina Las Vegas,63.29488332889678
Shamir,156.87567762526618
Vulfpeck,19.298412338868523
Gallant,113.89641667174271
London Souls,10.837221077732943
Kiiara,31.57894744360902
J.Cole,280.6343853239618
Miami Horror,65.66104719165928
Maceo Plex,85.77344002514049
Swim Deep,30.158730238095238
Elephant Stone,2.3323615233236175
Preservation Hall Jazz Band,58.24659585859571
Teen Men,6.520806537966542
Circut des Yeux,11.960133039867108
Uncle Acid & The Deadbeats,30.221654154081918
Lido,76.3087845740905
Gary Clark Jr.,203.56862445100717
The Last Shadow Puppets,364.44105138191367
Caveman,56.04930154293124
The Paper Kites,40.56447542140598
Craig Finn,10.338345899122807
Deerhunter,83.99881712806861
Alvvays,69.21029298580301
Holy Ghost!,48.31980870204963
CHVRCHES,364.9831691799514
Griz,182.1868814735641
Air,79.1949660777279
Fatboy Slim,23.423423507078503
Fantastic Negrito,11.024135724070453
Dr. Dog,6.349206507936508
Evian Christ,35.762876690962095
Bully,65.27200227137324
At The Drive-In,67.66917315789473
Chicano Batman,22.337132507839357
Whilk & Misky,44.56269206973701
Savages,269.77111463746144
Dawg Yawp,0.9966777574750832
Holly Miranda,2.5974026118326092
Synapson,13.216715298833813
The Dirty Dishes,4.075504086229085
Tamaryn,25.348725423280424
Better Than Ezra,17.46031753968254
Punch Brothers,16.73280430886243
Mothers,14.894042671310515
The Heydaze,23.637923700128695
Parov Stelar,78.67494843685299
Sons of Mystro,1.886792466307277
Dylan LeBlanc,10.062893153638814
Sun Club,15.486915527670527
Bishop,4.69483570422535
Bombino,10.060362223340043
Huey Lewis and The News,61.090225767543856
Ellie Goulding,465.19854872143765
Nahko and Medicine for the People,28.9628181245923
Davell Crawford,0.0
De Lux,96.16322686468743
Pvris,66.98623807697888
Don Diablo,45.61403519632414
Boogie,15.253374178762416
Cellar Doors,1.0351966977225666
St. Lucia,257.4013759601579
Portugal. The Man,39.92172227984344
SOPHIE,70.39337491718425
The Royal Concept,10.176125287018918
Braids,2.0120724446680103
Big Freedia,6.547619077380952
Saint Asonia,13.207547264150943
A$AP Ferg,68.42105279448622
Alpha Blondy,24.735449847883597
Glass Animals,38.80691589378865
Pell,59.929597088027364
Danny Brown,71.95767224867726
The Front Bottoms,198.06458827511761
Jon Batiste,20.37037046296296
Audiodamn!,1.7543859690893955
The Suffers,1.8518518981481478
The Avett Brothers,9.259259490740739
Powers,25.13883753856596
Gregory Porter,41.33597899140212
Vic Mensa,137.59778274125972
Butch Trucks & The Freight Train Band,17.610063018867923
Trey Libra FKA Jacob Izrael,0.6289308221024257
Magic Man,19.56947170580561
Le Matos,6.997084569970844
Royal Trux,16.045548814699792
The Revivalists,21.475683211205332
The Soul Rebels,5.09259261574074
Raury,60.24498099985503
Mild High Club,4.140786790890268
The Strumbellas,63.44773516023619
Tycho,63.78066396825396
Future,207.3742137078744
Rebirth Brass Band,0.7275132308201032
Sunn O))),17.080745512422364
SZA,104.0181151093381
Guns N Roses,94.64655451049984
Los Colognes,0.26455027116402124
The Twilight Sad,28.619528703703697
Iska Dhaaf,9.81240984126984
Evanescence,23.270440417789757
Mike D,32.474629398907105
The Babys,15.094339730458222
Volbeat,87.54806292221235
Lauv,13.85671389317889
Professor & The Jet Sets,2.5157232884097027
Fur Coat,66.25258815734989
WD-Han,0.0
The White Panda,56.24195638996139
Mavis Staples,165.38871214507222
Anderson East,22.088662973750452
Caveboy,3.10981536443149
Blank Range,6.493506529581528
DJ Harvey,29.976580983606556
Mayer Hawthorne,29.745596992824527
The Noisey Freaks,15.789473721804516
TOKiMONSTA,133.35540534411993
Louis The Child,152.53565771100543
Flosstradamus,186.89939403243153
Hiatus Kaiyote,30.528375851272013
The Black Lips,15.126050546218488
Horse Thief,2.3391812921191866
Chronixx,77.49186650547175
Buddy Guy,29.10052923280423
Duran Duran,89.52110225030461
Quilt,24.453024517374516
Mudcrutch,13.289036766334439
Young Fathers,70.98491588287489
Palehound,0.20703934782608682
Jon Cleary,2.9100529232804244
Mano Le Tough,75.12570264270926
Jeremih,17.275747724252493
Charles Bradley,29.09285088460932
Austin Plaine,6.97674430232558
Parson James,49.721149851994845
St. Germain,85.77344002514049
Todd Terje,124.50480961425839
The Range,26.722715889043318
Oh Wonder,310.6956176168563
Tory Lanez,138.64483039393178
Florence + The Machine,305.43467249392916
Blossoms,2.7027027123552143
HEALTH,94.50393644597325
Shannon & The Clams,26.166426243386237
Baio,43.254601261487046
Adventure Club,131.03714010813172
Feder,5.442176887755099
Audien,42.10526325814536
Carla Morrison,73.35107974563738
The Kills,148.42813597512801
Here Come The Mummies,7.308970221483943
Shakey Graves,55.51378474937343
Justin Strauss,25.604996256830603
Phases,75.41904215746334
Jackal,34.502924058758005
Beat Connection,31.072631164021164
Cherub,71.3450294096352
Thunderpussy,5.723905740740741
Flogging Molly,93.55528069607342
Coasts,14.090019628180036
Nothing But Thieves,36.41586970194761
Masha,62.11180139751552
Illenium,19.88304098301309
Half Deezy,5.031446576819405
Bring Me The Horizon,21.6216216988417
Adam Beyer & Ida Engberg,83.40727616237798
Epik High,75.12570264270926
Bat For Lashes,111.32212346376846
Kamaiyah,1.6806722829131655
Foy Vance,7.774538411078716
Ezra Furman,40.54054068532819
Generik,34.99740350689035
Excision,81.87134522417153
Kurt Vile & The Violators,391.4360718620884
Beirut,105.76109759885846
Paul Kalkbrenner,61.41885344752186
Femi Kuti & Positive Force,22.747596884361727
The Cure,80.13468037037036
Jane's Addiction,162.761069792885
VHS Collection,17.5438596908939
Tyler The Creator,60.7489599468331
Lost Kings,2.348336604696676
George FitzGerald,68.61875202011238
Washed Out,4.497354609788359
Steve Gunn,26.02352709020393
Moby,21.28851558356676
Hot Chip,23.52941196078431
Civil Twilight,36.74784364115155
The Chainsmokers,205.68175983556728
Laura Mvula,43.2432433976834
Frank Turner & The Sleeping Souls,56.14035101086048
Kanye West,42.20779244227994
Snails,162.39897839854962
Tourist,64.52542672366333
Matt Calderin Trio,4.40251575471698
Kaleo,103.42365099288713
The Orwells,28.19548881578947
Bryson Tiller,84.79532183932051
Dr. John,34.193121848544976
John Hammond,14.550264616402115
Nora En Pure,62.70334236320615
Steely Dan,47.28836000330688
Adele,64.86486509652511
Natalie Prass,17.4757282038835
Ethan Parker Band,6.289308221024258
Action Bronson,28.57142873015873
Chris Stapleton,250.01273372755062
Maxwell,38.55820123346561
Calvin Harris,150.22385415498778
Elle King,159.7241028724103
ZZ Top,85.60258411810058
Noah Gundersen,111.03733590916009
Polyenso,4.699248135964911
M. Ward,53.96825412698413
Phosphorescent,82.87512642841452
DJ EZ,68.02721105442177
Moon Taxi,173.99218088356946
Stormzy,41.44144158944659
St. Etienne,4.504504520592019
The Bright Light Social Hour,11.949685619946093
Flavor Crystals,2.0703933954451355
Passenger,65.30612265306122
Drowners,12.280701783625736
John Mark Nelson,13.083213121693124
Sam Feldt,70.98491588287489
Woods,24.233232495546247
Meghan Trainor,31.44654110512129
Cage The Elephant,50.09784756686235
Crystal Fighters,114.7044633421286
Madlib,29.35206887978142
Grimes,501.788875523129
Daughter,231.9491529307378
Arkells,79.29845580427934
Duke Dumont,91.21288097794991
Death Grips,86.95652195652174
Terence Blanchard,8.730158769841267
Third Eye Blind,186.47424061112287
The Weeknd,56.36007851272014
Black Pistol Fire,7.142857182539681
Sufjan Stevens,279.8216570063433
Grace Jones,27.450980620915033
Taj Mahal Trio,16.00529107804233
July Talk,58.0878217788732
Michael Christmas,0.0
DJ Koze,73.942620711328
Brothers From Another,13.900913941798938
Buffy Sainte-Marie,9.457672000661375
Lee Ranaldo,10.351966977225672
Ray Lamontagne,42.253521338028165
Horse Meat Disco,27.478532568306008
Frightened Rabbit,192.99963527877233
Casey Veggies,42.52044264550265
Elliot Root,3.2604032689832656
Steep Canyon Rangers,24.13314847202959
Skepta,204.53797485903073
Brothers Osborne,22.55291015542328
The Struts,217.8921451241372
Snarky Puppy,7.275132308201055
Dungen,39.56963979411646
J. Roddy Walston & The Business,8.970099817275747
William Bolton,12.226512258687254
The Mowglis,7.973422059800664
A$AP Rocky,286.05835066401823
Dave B,4.0885041005291
Galantis,24.025974159451657
Muddy Magnolias,11.138577075298603
Explosions in the Sky,84.2053468284649
Boris Brejcha,28.76579212099125
The Vaccines,31.73150285278413
MØ,198.6821175821758
Heron Oblivion,9.79040820499731
Mystikal,13.822751385582007
Black Mountain,27.082786784985274
Run The Jewels,166.16511945488296
Yo La Tengo,58.05675822751322
Neil Young,49.470899695767194
Chet Faker,149.3804584484347
Sheer Mag,66.71886163749558
The Wombats,105.01966328910851
Scott Bradlee's Postmodern Jukebox,20.75471712938005
Umphrey's McGee,10.963455332225912
Finish Ticket,35.86443595881595
Cashmere Cat,105.35156688616092
Logic,50.534499672011655
Years & Years,268.0613853895295
Clutch,44.93758680998613
Grace Potter,128.04968653758368
Ghost,129.01002542084376
Brett Dennen,57.30625292949922
Trombone Shorty,113.6618765459209
Motel Radio,0.0
Ellis Marsalis,10.912698462301588
Deftones,65.78947390350876
Matoma,66.25258815734989
Purity Ring,254.35292024804903
Matt and Kim,152.13581563413544
Of Monsters and Men,218.85302727025325
Sigur Ros,49.549549726512225
Kevin Garrett,22.07792214285714
Amine Edge & DANCE,62.70334236320615
Deafheaven,75.71724360839987
Jack Novak,10.958904155251139
KSHMR,84.59035809375922
Sonreal,20.21379986880466
Blind Pilot,49.06204920634921
Unified Highway,10.52631581453634
Holly Herndon,15.060908272425248
Andy Grammer,22.01257877358491
Haim,388.2357969892282
Bobby Lee Rodgers,9.433962331536389
Tensnake,103.88623055680006
Polica,33.07240717221135
Soak,24.531024603174597
Tab Benoit,3.6375661541005275
Strand Of Oaks,26.31578956140351
Ibeyi,192.06397927398692
Wavves,48.538011811473126
Touchpants,57.42024981276005
Lost Frequencies,78.08340747116236
Carly Rae Jepsen,17.71871561461794
Boys Noize,49.757045830903785
Jerry Folk,4.696673209393345
Holiday Mountain,10.596310624195626
Betty Who,16.233766323953823
Panic! at the Disco,49.315068698630135
Towkio,49.12280713450292
Jake Bugg,8.108108137065635
Oddisee,44.054051215085515
Ween,75.72815555016182
Bastille,202.787907919048
Mura Masa,30.320699803206992
Algiers,92.51506765614015
Bloc Party,236.5602480157632
BADBADNOTGOOD,98.83733071143214
Lady Leshurr,16.21621627413127
Sam Bush Band,38.28016654184004
Stevie Wonder,51.65343938822751
Deer Tick,46.052631732456135
All Them Witches,26.000545337703613
Stick Figure,22.700587178734505
Coldplay,63.963964192406685
Little Simz,50.80765914578573
Blondi's Salvation,2.587991744306419
X Ambassadors,248.77913859021294
Beach Slang,14.097744407894734
Bahamas,30.18108667002012
Twin Peaks,45.80723173317145
Slaptop,22.82282288288288
Mick Jenkins,15.946844053156143
Potty Mouth,3.50877193817878
Herbie Hancock & Wayne Shorter,35.648148310185185
Twin Limb,5.389600143263571
Felix Jaehn,51.351351486486486
Secret Weapons,18.74655200094051
Mac Miller,162.76792837847037
Grizfolk,5.315614706533776
Baaba Maal,27.92792802767053
2 Many DJs,86.95652195652174
Lany,73.97550675985735
Sigala,41.570141679536675
Guy Garvey,12.612612657657657
GoGo Penguin,65.06950622596864
The Cat Empire,55.19922271865888
Ty Segall,88.33333996921473
Wolf Parade,112.47251467933381
Albert Hammond Jr.,16.883116976911975
Lamb of God,56.588072279241786
Thomas Jack,176.39775557162247
Lizzo,25.470602255427732
Jon Bellion,14.935065018037518
Rokia Traore,14.414414465894465
Nathaniel Rateliff & the Night Sweats,523.0496468802337
DJ Mustard,83.40727616237798
Julien Baker,31.002718447992628
Alison Wonderland,18.00391396934116
Lettuce,134.5619561008573
Rococode,5.705705720720722
Pepper,80.47577935614673
Peaches,29.680365410958903
The Black Madonna,95.74949046967326
Hop Along,52.071466759607354
Paul Simon,48.01587323412698
Baauer,130.15544416526996
Miike Snow,303.6382465733327
The Dear Hunter,38.65623383801073
The Syrian National Orchestra,47.74774791827542
The Lone Bellow,13.095238154761905
Protomartyr,29.437229523809524
Night Riots,56.52999954127596
Foxing,25.214198405898465
Blackberry Smoke,6.084656236772486
James Bay,90.50576775066548
Robyn,43.75117678696906
Lane 8,34.985422849854224
Public Access TV,4.545454570707071
Show Me The Body,27.478532568306008
Nosaj Thing,76.3087845740905
Moses Sumney,15.503876162790696
Fantasmes,3.1055900931677023
Mumford & Sons,89.66108989703989
Cymande,46.601941877022654
Nic Fanciulli,72.75953877994675
Flo Rida,41.46825415674603
Against Me!,63.94395104104959
Honey Soundsystem,1.120448188608776
Brian Fallon,36.65413546052631
FKA Twigs,95.78467183652045
Little Scream,29.582962435102417
James Hersey,28.5285286036036
Neon Indian,16.389811943521593
Boris,16.563147163561073
Anderson .Paak,154.77866606631528
Jai Wolf,84.50845092592417
Irma Thomas,37.830688002645495
Grace Love & The Trueloves,6.541606560846558
Lazyboy Empire,18.3449491842811
Head Wound City,6.722689131652662
NAO,38.957229916644216
Modern Baseball,41.52046793511556
Deep Sea Diver,18.807118862433867
Beck,148.98274964006214
Ice Cube,106.34737255366858
Arcade Fire,83.74839245687238
Chelsea Wolfe,51.05961598817304
Janelle Monae,40.2087649892167
Cade,7.547169865229108
Boy & Bear,74.73770600636003
Tori Lynn,1.2578616442048514
Gramatik,47.42468430758017
Here We Go Magic,28.103044672131144
Lloydski,25.604996256830603
James Blake,44.1441443018018
Peter Bjorn & John,14.565826451914097
Nick Jonas,45.10582031084656
Jason Derulo,30.188679460916443
Cold War Kids,164.13726349998254
Soul Clap,68.61875202011238
Fakear,25.655976756559767
Bridget Everett,59.91678241331484
Bayside,8.637873898117386
Day Wave,51.22275400477203
Tchami,212.43042469860535
Circa Waves,51.641901802484306
Koa,0.0
PJ Harvey,59.45945967181468
Mija,36.84210535087719
Sun Ra Arkestra,13.289036710963453
SG Lewis,65.06950622596864
Saintseneca,22.14564196776664
Lunchmoney Lewis,14.465408908355794
BBRNS,82.81573519668737
Mbongwana Star,63.886424294587385
Wimps,4.906204920634916
Radiohead,234.33007152285728
Girlpool,66.8441291230405
Car Seat Headrest,14.6179403820598
The Lonely Biscuits,29.34362942084942
The National,36.846214125683055
Jagwar Ma,15.686274640522877
Banners,48.530039438673654
The Wood Brothers,37.44798900832178
Charlotte Cardin,15.549076822157431
Wailers,30.528375861056748
The Oh Hellos,38.565158864147335
Hermitude,14.979195603328712
Big Grams,352.3617646669125
Saves The Day,20.72829148926237
Kittens,17.932217979407977
Royal Headache,13.289036710963453
Post Malone,69.71798448797965
Sharon Jones & The Dap-Kings,18.187830770502643
Young The Giant,62.96992502192981
Ronnie Spector,48.648648822393824
Thurston Moore Band,15.52795046583851
Carl Cox,27.027027123552124
